<scene>
    <lights>
        <light type="point"
               posX="0" posY="0" posZ="0"
               dirX="0" dirY="-1" dirZ="0"
               cutoffAngle="45" cutoffExponent="0"
               attenuationLinear="0"
               ambR="51" ambG="51" ambB="51"
               diffR="204" diffG="204" diffB="204"
               specR="204" specG="204" specB="204" />
    </lights>
    <group>
        <!-- Sun -->
        <translate X="0" Y="0" Z="0"/>
        <scale X="109" Y="109" Z="109"/>
        <models>
            <model file="sun.3d" texture="texture_sun.png"
                   ambR="255" ambG="255" ambB="255"
                   diffR="255" diffG="255" diffB="255"
                   specR="255" specG="255" specB="255"
                   emissR="255" emissG="255" emissB="255" />
        </models>
    </group>
    <group>
        <!-- Mercury -->
        <translate time = "24">
            <!-- Ponto de simetria -->
            <point X="0"    Z="-150" Y="0"  />

            <!-- Parte X negativo -->
            <point X="-300"  Z="-100" Y="0"  />
            <point X="-450"  Z="0"   Y="0"  />
            <point X="-300"  Z="100"  Y="0"  />

            <!-- Ponto de simetria -->
            <point X="0"    Z="150"  Y="0"  />

            <!-- Parte X positivo -->
            <point X="300"   Z="100"  Y="0"  />
            <point X="450"   Z="0"   Y="0"  />
            <point X="300"   Z="-100" Y="0"  />
        </translate>
        <rotate time="10" axisX="0" axisY="1" axisZ="0" />
        <scale X="1.146" Y="1.146" Z="1.146"/>
        <models>
            <model texture="texture_mercury.png" file="planet.3d"
                   ambR="255" ambG="255" ambB="255"
                   diffR="255" diffG="255" diffB="255"
                   specR="255" specG="255" specB="255" />
        </models>
    </group>
    <group>
        <!-- Venus -->
         <translate time = "62">
            <!-- Ponto de simetria -->
            <point X="0"    Z="-200" Y="0"  />

            <!-- Parte X negativo -->
            <point X="-400"  Z="-134" Y="0"  />
            <point X="-600"  Z="0"   Y="0"  />
            <point X="-400"  Z="134"  Y="0"  />

            <!-- Ponto de simetria -->
            <point X="0"    Z="200"  Y="0"  />

            <!-- Parte X positivo -->
            <point X="400"   Z="134"  Y="0"  />
            <point X="600"   Z="0"   Y="0"  />
            <point X="400"   Z="-134" Y="0"  />
        </translate>
        <rotate time="10" axisX="0" axisY="1" axisZ="0" />
        <scale X="2.847" Y="2.847" Z="2.847"/>
        <models>
            <model texture="texture_venus.png" file="planet.3d"
                   ambR="255" ambG="255" ambB="255"
                   diffR="255" diffG="255" diffB="255"
                   specR="255" specG="255" specB="255" />
        </models>
    </group>
    <group>
        <translate time = "100">
            <!-- Ponto de simetria -->
            <point X="0"    Z="-250" Y="0"  />

            <!-- Parte X negativo -->
            <point X="-500"  Z="-167" Y="0"  />
            <point X="-750"  Z="0"   Y="0"  />
            <point X="-500"  Z="167"  Y="0"  />

            <!-- Ponto de simetria -->
            <point X="0"    Z="250"  Y="0"  />

            <!-- Parte X positivo -->
            <point X="500"   Z="167"  Y="0"  />
            <point X="750"   Z="0"   Y="0"  />
            <point X="500"   Z="-167" Y="0"  />
        </translate>
            <rotate time="10" axisX="0" axisY="1" axisZ="0" />
            <!-- Earth -->
            <scale X="3" Y="3" Z="3"/>
            <models>
                <model texture="texture_earth.jpg" file="planet.3d"
                       ambR="255" ambG="255" ambB="255"
                       diffR="255" diffG="255" diffB="255"
                       specR="255" specG="255" specB="255" />
            </models>
        <group>
            <!-- Moon -->
            <translate time = "20">
                <!-- Ponto de simetria -->
                <point X="0"    Z="-4.0" Y="0"  />

                <!-- Parte X negativo -->
                <point X="-6"  Z="-2.67" Y="0"  />
                <point X="-8.5"  Z="0"   Y="0"  />
                <point X="-6"  Z="2.67"  Y="0"  />

                <!-- Ponto de simetria -->
                <point X="0"    Z="4.0"  Y="0"  />

                <!-- Parte X positivo -->
                <point X="6"   Z="2.67"  Y="0"  />
                <point X="8.50"   Z="0"   Y="0"  />
                <point X="6"   Z="-2.67" Y="0"  />
        </translate>
            <rotate time="28" axisX="0" axisY="1" axisZ="0" />
            <scale X="0.816" Y="0.816" Z="0.816"/>
            <models>
                <model texture="texture_moon.png" file="planet.3d"
                       ambR="255" ambG="255" ambB="255"
                       diffR="255" diffG="255" diffB="255"
                       specR="255" specG="255" specB="255" />
            </models>
        </group>
    </group>
    <group>
        <translate time = "188">
            <!-- Ponto de simetria -->
            <point X="0"    Z="-300" Y="0"  />

            <!-- Parte X negativo -->
            <point X="-600"  Z="-200" Y="0"  />
            <point X="-900"  Z="0"   Y="0"  />
            <point X="-600"  Z="200"  Y="0"  />

            <!-- Ponto de simetria -->
            <point X="0"    Z="300"  Y="0"  />

            <!-- Parte X positivo -->
            <point X="600"   Z="200"  Y="0"  />
            <point X="900"   Z="0"   Y="0"  />
            <point X="600"   Z="-200" Y="0"  />
        </translate>
        <group>
            <!-- Mars -->
            <rotate time="10" axisX="0" axisY="1" axisZ="0" />
            <scale X="2" Y="2" Z="2"/>
            <models>
                <model texture="texture_mars.png" file="planet.3d"
                       ambR="255" ambG="255" ambB="255"
                       diffR="255" diffG="255" diffB="255"
                       specR="255" specG="255" specB="255" />
            </models>
        </group>
        <group>
            <!-- Phobos -->
            <translate time = "90">
                <!-- Ponto de simetria -->
                <point X="0"    Z="-3" Y="0"  />

                <!-- Parte X negativo -->
                <point X="-6"  Z="-2" Y="0"  />
                <point X="-9"  Z="0"   Y="0"  />
                <point X="-6"  Z="2"  Y="0"  />

                <!-- Ponto de simetria -->
                <point X="0"    Z="3"  Y="0"  />

                <!-- Parte X positivo -->
                <point X="6"   Z="2"  Y="0"  />
                <point X="9"   Z="0"   Y="0"  />
                <point X="6"   Z="-2" Y="0"  />
            </translate>
            <rotate time="20" axisX="0" axisY="1" axisZ="0" />
            <scale X="1" Y="1" Z="1"/>
            <models>
                <model file="planet.3d"
                       ambR="255" ambG="255" ambB="255"
                       diffR="255" diffG="255" diffB="255"
                       specR="255" specG="255" specB="255" />
            </models>
        </group>
        <group>
            <!-- Deimos -->
            <translate time = "60">
                <!-- Ponto de simetria -->
                <point X="0"    Z="-3" Y="0"  />

                <!-- Parte X negativo -->
                <point X="-6"  Z="-2" Y="0"  />
                <point X="-9"  Z="0"   Y="0"  />
                <point X="-6"  Z="2"  Y="0"  />

                <!-- Ponto de simetria -->
                <point X="0"    Z="3"  Y="0"  />

                <!-- Parte X positivo -->
                <point X="6"   Z="2"  Y="0"  />
                <point X="9"   Z="0"   Y="0"  />
                <point X="6"   Z="-2" Y="0"  />
            </translate>
            <rotate time="20" axisX="0" axisY="1" axisZ="0" />
            <scale X="0.5" Y="0.5" Z="0.5"/>
            <models>
                <model file="planet.3d"
                       ambR="255" ambG="255" ambB="255"
                       diffR="255" diffG="255" diffB="255"
                       specR="255" specG="255" specB="255" />
            </models>
        </group>
    </group> 
        <group>
        <translate time = "118">
            <!-- Ponto de simetria -->
            <point X="0"    Z="-350" Y="0"  />

            <!-- Parte X negativo -->
            <point X="-700"  Z="-234" Y="0"  />
            <point X="-1050"  Z="0"   Y="0"  />
            <point X="-700"  Z="234"  Y="0"  />

            <!-- Ponto de simetria -->
            <point X="0"    Z="350"  Y="0"  />

            <!-- Parte X positivo -->
            <point X="700"   Z="234"  Y="0"  />
            <point X="1050"   Z="0"   Y="0"  />
            <point X="700"   Z="-234" Y="0"  />
        </translate>
        <group>
            <!-- Jupiter -->
            <rotate time="30" axisX="0" axisY="1" axisZ="0" />
            <scale X="33" Y="33" Z="33"/>
            <models>
                <model texture="texture_jupiter.png" file="planet.3d"
                       ambR="255" ambG="255" ambB="255"
                       diffR="255" diffG="255" diffB="255"
                       specR="255" specG="255" specB="255" />
            </models>
        </group>
        <group>
            <!-- Io -->
            <translate time = "20">
                <!-- Ponto de simetria -->
                <point X="0"    Z="-45.0" Y="0"  />

                <!-- Parte X negativo -->
                <point X="-80"  Z="-33.4" Y="0"  />
                <point X="-110"  Z="0"   Y="0"  />
                <point X="-80"  Z="33.4"  Y="0"  />

                <!-- Ponto de simetria -->
                <point X="0"    Z="45.0"  Y="0"  />

                <!-- Parte X positivo -->
                <point X="80"   Z="33.4"  Y="0"  />
                <point X="110.0"   Z="0"   Y="0"  />
                <point X="80"   Z="-33.4" Y="0"  />
            </translate>
            <rotate time="10" axisX="0" axisY="1" axisZ="0" />
            <scale X="1" Y="1" Z="1"/>
            <models>
                <model file="planet.3d"
                       ambR="255" ambG="255" ambB="255"
                       diffR="255" diffG="255" diffB="255"
                       specR="255" specG="255" specB="255" />
            </models>
        </group>
        <group>
            <!-- Europa -->
             <translate time = "30">
                <!-- Ponto de simetria -->
                <point X="0"    Z="-45.0" Y="0"  />

                <!-- Parte X negativo -->
                <point X="-80"  Z="-33.4" Y="0"  />
                <point X="-110"  Z="0"   Y="0"  />
                <point X="-80"  Z="33.4"  Y="0"  />

                <!-- Ponto de simetria -->
                <point X="0"    Z="45.0"  Y="0"  />

                <!-- Parte X positivo -->
                <point X="80"   Z="33.4"  Y="0"  />
                <point X="110.0"   Z="0"   Y="0"  />
                <point X="80"   Z="-33.4" Y="0"  />
            </translate>
            <rotate time="5" axisX="0" axisY="1" axisZ="0" />
            <scale X="1.1" Y="1.1" Z="1.1"/>
            <models>
                <model file="planet.3d"
                       ambR="255" ambG="255" ambB="255"
                       diffR="255" diffG="255" diffB="255"
                       specR="255" specG="255" specB="255" />
            </models>
        </group>
        <group>
            <!-- Ganymede -->
             <translate time = "35">
                <!-- Ponto de simetria -->
                <point X="0"    Z="-45.0" Y="0"  />

                <!-- Parte X negativo -->
                <point X="-80"  Z="-33.4" Y="0"  />
                <point X="-110"  Z="0"   Y="0"  />
                <point X="-80"  Z="33.4"  Y="0"  />

                <!-- Ponto de simetria -->
                <point X="0"    Z="45.0"  Y="0"  />

                <!-- Parte X positivo -->
                <point X="80"   Z="33.4"  Y="0"  />
                <point X="110.0"   Z="0"   Y="0"  />
                <point X="80"   Z="-33.4" Y="0"  />
            </translate>
            <rotate time="15" axisX="0" axisY="1" axisZ="0" />
            <scale X="1.4" Y="1.4" Z="1.4"/>
            <models>
                <model file="planet.3d"
                       ambR="255" ambG="255" ambB="255"
                       diffR="255" diffG="255" diffB="255"
                       specR="255" specG="255" specB="255" />
            </models>
        </group>
        <group>
            <!-- Callisto -->
             <translate time = "40">
                <!-- Ponto de simetria -->
                <point X="0"    Z="-45.0" Y="0"  />

                <!-- Parte X negativo -->
                <point X="-80"  Z="-33.4" Y="0"  />
                <point X="-110"  Z="0"   Y="0"  />
                <point X="-80"  Z="33.4"  Y="0"  />

                <!-- Ponto de simetria -->
                <point X="0"    Z="45.0"  Y="0"  />

                <!-- Parte X positivo -->
                <point X="80"   Z="33.4"  Y="0"  />
                <point X="110.0"   Z="0"   Y="0"  />
                <point X="80"   Z="-33.4" Y="0"  />
            </translate>
            <rotate time="12" axisX="0" axisY="1" axisZ="0" />
            <scale X="1.3" Y="1.3" Z="1.3"/>
            <models>
                <model file="planet.3d"
                       ambR="255" ambG="255" ambB="255"
                       diffR="255" diffG="255" diffB="255"
                       specR="255" specG="255" specB="255" />
            </models>
        </group>
    </group>
    <group>
        <translate time = "294">
            <!-- Ponto de simetria -->
            <point X="0"    Z="-400" Y="0"  />

            <!-- Parte X negativo -->
            <point X="-800"  Z="-266" Y="0"  />
            <point X="-1200"  Z="0"   Y="0"  />
            <point X="-800"  Z="266"  Y="0"  />

            <!-- Ponto de simetria -->
            <point X="0"    Z="400"  Y="0"  />

            <!-- Parte X positivo -->
            <point X="800"   Z="266"  Y="0"  />
            <point X="1250"   Z="0"   Y="0"  />
            <point X="800"   Z="-266" Y="0"  />
        </translate>
        <group>
            <!-- Saturn -->
            <rotate time="10" axisX="0" axisY="1" axisZ="0" />
            <scale X="27" Y="27" Z="27"/>
            <models>
                <model  file="planet.3d"
                       ambR="255" ambG="255" ambB="255"
                       diffR="255" diffG="255" diffB="255"
                       specR="255" specG="255" specB="255" texture="texture_saturn.png" />
            </models>
        </group>
        <group>
            <!-- Mimas -->
            <translate time = "90">
                <!-- Ponto de simetria -->
                <point X="0"    Z="-40" Y="0"  />

                <!-- Parte X negativo -->
                <point X="-40"  Z="-26.6" Y="0"  />
                <point X="-60"  Z="0"   Y="0"  />
                <point X="-40"  Z="26.6"  Y="0"  />

                <!-- Ponto de simetria -->
                <point X="0"    Z="40"  Y="0"  />

                <!-- Parte X positivo -->
                <point X="40"   Z="26.6"  Y="0"  />
                <point X="60"   Z="0"   Y="0"  />
                <point X="40"   Z="-26.6" Y="0"  />
           </translate>
            <rotate time="15" axisX="0" axisY="1" axisZ="0" />
            <scale X="1" Y="1" Z="1"/>
            <models>
                <model file="planet.3d"
                       ambR="255" ambG="255" ambB="255"
                       diffR="255" diffG="255" diffB="255"
                       specR="255" specG="255" specB="255" />
            </models>
        </group>
        <group>
         <translate time = "100">
                <!-- Ponto de simetria -->
                <point X="0"    Z="-40" Y="0"  />

                <!-- Parte X negativo -->
                <point X="-40"  Z="-26.6" Y="0"  />
                <point X="-60"  Z="0"   Y="0"  />
                <point X="-40"  Z="26.6"  Y="0"  />

                <!-- Ponto de simetria -->
                <point X="0"    Z="40"  Y="0"  />

                <!-- Parte X positivo -->
                <point X="40"   Z="26.6"  Y="0"  />
                <point X="60"   Z="0"   Y="0"  />
                <point X="40"   Z="-26.6" Y="0"  />
           </translate>
            <!-- Enceladus -->
            <rotate time="20" axisX="0" axisY="1" axisZ="0" />
            <scale X="1.1" Y="1.1" Z="1.1"/>
            <models>
                <model file="planet.3d"
                       ambR="255" ambG="255" ambB="255"
                       diffR="255" diffG="255" diffB="255"
                       specR="255" specG="255" specB="255" />
            </models>
        </group>
        <group>
            <!-- Tethys -->
             <translate time = "110">
                <!-- Ponto de simetria -->
                <point X="0"    Z="-40" Y="0"  />

                <!-- Parte X negativo -->
                <point X="-40"  Z="-26.6" Y="0"  />
                <point X="-60"  Z="0"   Y="0"  />
                <point X="-40"  Z="26.6"  Y="0"  />

                <!-- Ponto de simetria -->
                <point X="0"    Z="40"  Y="0"  />

                <!-- Parte X positivo -->
                <point X="40"   Z="26.6"  Y="0"  />
                <point X="60"   Z="0"   Y="0"  />
                <point X="40"   Z="-26.6" Y="0"  />
           </translate>
            <rotate time="25" axisX="0" axisY="1" axisZ="0" />
            <scale X="1.2" Y="1.2" Z="1.2"/>
            <models>
                <model file="planet.3d"
                       ambR="255" ambG="255" ambB="255"
                       diffR="255" diffG="255" diffB="255"
                       specR="255" specG="255" specB="255" />
            </models>
        </group>
        <group>
            <!-- Dione -->
             <translate time = "80">
                <!-- Ponto de simetria -->
                <point X="0"    Z="-40" Y="0"  />

                <!-- Parte X negativo -->
                <point X="-40"  Z="-26.6" Y="0"  />
                <point X="-60"  Z="0"   Y="0"  />
                <point X="-40"  Z="26.6"  Y="0"  />

                <!-- Ponto de simetria -->
                <point X="0"    Z="40"  Y="0"  />

                <!-- Parte X positivo -->
                <point X="40"   Z="26.6"  Y="0"  />
                <point X="60"   Z="0"   Y="0"  />
                <point X="40"   Z="-26.6" Y="0"  />
           </translate>
            <rotate time="5" axisX="0" axisY="1" axisZ="0" />
            <scale X="1.2" Y="1.2" Z="1.2"/>
            <models>
                <model file="planet.3d"
                       ambR="255" ambG="255" ambB="255"
                       diffR="255" diffG="255" diffB="255"
                       specR="255" specG="255" specB="255" />
            </models>
        </group>
        <group>
            <!-- Rhea -->
            <translate time = "95">
                <!-- Ponto de simetria -->
                <point X="0"    Z="-40" Y="0"  />

                <!-- Parte X negativo -->
                <point X="-40"  Z="-26.6" Y="0"  />
                <point X="-60"  Z="0"   Y="0"  />
                <point X="-40"  Z="26.6"  Y="0"  />

                <!-- Ponto de simetria -->
                <point X="0"    Z="40"  Y="0"  />

                <!-- Parte X positivo -->
                <point X="40"   Z="26.6"  Y="0"  />
                <point X="60"   Z="0"   Y="0"  />
                <point X="40"   Z="-26.6" Y="0"  />
           </translate>
            <rotate time="30" axisX="0" axisY="1" axisZ="0" />
            <scale X="1.5" Y="1.5" Z="1.5"/>
            <models>
                <model file="planet.3d"
                       ambR="255" ambG="255" ambB="255"
                       diffR="255" diffG="255" diffB="255"
                       specR="255" specG="255" specB="255" />
            </models>
        </group>
        <group>
            <!-- Titan -->
             <translate time = "85">
                <!-- Ponto de simetria -->
                <point X="0"    Z="-40" Y="0"  />

                <!-- Parte X negativo -->
                <point X="-40"  Z="-26.6" Y="0"  />
                <point X="-60"  Z="0"   Y="0"  />
                <point X="-40"  Z="26.6"  Y="0"  />

                <!-- Ponto de simetria -->
                <point X="0"    Z="40"  Y="0"  />

                <!-- Parte X positivo -->
                <point X="40"   Z="26.6"  Y="0"  />
                <point X="60"   Z="0"   Y="0"  />
                <point X="40"   Z="-26.6" Y="0"  />
           </translate>
            <rotate time="18" axisX="0" axisY="1" axisZ="0" />
            <scale X="2" Y="2" Z="2"/>
            <models>
                <model file="planet.3d"
                       ambR="255" ambG="255" ambB="255"
                       diffR="255" diffG="255" diffB="255"
                       specR="255" specG="255" specB="255" />
            </models>
        </group>
        <group>
            <!-- Hyperion -->
             <translate time = "20">
                <!-- Ponto de simetria -->
                <point X="0"    Z="-40" Y="0"  />

                <!-- Parte X negativo -->
                <point X="-40"  Z="-26.6" Y="0"  />
                <point X="-60"  Z="0"   Y="0"  />
                <point X="-40"  Z="26.6"  Y="0"  />

                <!-- Ponto de simetria -->
                <point X="0"    Z="40"  Y="0"  />

                <!-- Parte X positivo -->
                <point X="40"   Z="26.6"  Y="0"  />
                <point X="60"   Z="0"   Y="0"  />
                <point X="40"   Z="-26.6" Y="0"  />
           </translate>
            <rotate time="8" axisX="0" axisY="1" axisZ="0" />
            <scale X="0.9" Y="0.9" Z="0.9"/>
            <models>
                <model file="planet.3d"
                       ambR="255" ambG="255" ambB="255"
                       diffR="255" diffG="255" diffB="255"
                       specR="255" specG="255" specB="255" />
            </models>
        </group>
        <group>
            <!-- Iapetus -->
            <translate time = "30">
                <!-- Ponto de simetria -->
                <point X="0"    Z="-40" Y="0"  />

                <!-- Parte X negativo -->
                <point X="-40"  Z="-26.6" Y="0"  />
                <point X="-60"  Z="0"   Y="0"  />
                <point X="-40"  Z="26.6"  Y="0"  />

                <!-- Ponto de simetria -->
                <point X="0"    Z="40"  Y="0"  />

                <!-- Parte X positivo -->
                <point X="40"   Z="26.6"  Y="0"  />
                <point X="60"   Z="0"   Y="0"  />
                <point X="40"   Z="-26.6" Y="0"  />
           </translate>
            <rotate time="28" axisX="0" axisY="1" axisZ="0" />
            <scale X="1" Y="1" Z="1"/>
            <models>
                <model file="planet.3d"
                       ambR="255" ambG="255" ambB="255"
                       diffR="255" diffG="255" diffB="255"
                       specR="255" specG="255" specB="255" />
            </models>
        </group>
        <group>
            <!-- Phoebe -->
             <translate time = "50">
                <!-- Ponto de simetria -->
                <point X="0"    Z="-40" Y="0"  />

                <!-- Parte X negativo -->
                <point X="-40"  Z="-26.6" Y="0"  />
                <point X="-60"  Z="0"   Y="0"  />
                <point X="-40"  Z="26.6"  Y="0"  />

                <!-- Ponto de simetria -->
                <point X="0"    Z="40"  Y="0"  />

                <!-- Parte X positivo -->
                <point X="40"   Z="26.6"  Y="0"  />
                <point X="60"   Z="0"   Y="0"  />
                <point X="40"   Z="-26.6" Y="0"  />
           </translate>
            <rotate time="35" axisX="0" axisY="1" axisZ="0" />
            <scale X="1" Y="1" Z="1"/>
            <models>
                <model file="planet.3d"
                       ambR="255" ambG="255" ambB="255"
                       diffR="255" diffG="255" diffB="255"
                       specR="255" specG="255" specB="255" />
            </models>
        </group>
    </group>
    <group>
        <translate time = "840">
            <!-- Ponto de simetria -->
            <point X="0"    Z="-450" Y="0"  />

            <!-- Parte X negativo -->
            <point X="-900"  Z="-300" Y="0"  />
            <point X="-1350"  Z="0"   Y="0"  />
            <point X="-900"  Z="300"  Y="0"  />

            <!-- Ponto de simetria -->
            <point X="0"    Z="450"  Y="0"  />

            <!-- Parte X positivo -->
            <point X="900"   Z="300"  Y="0"  />
            <point X="1350"   Z="0"   Y="0"  />
            <point X="900"   Z="-300" Y="0"  />
        </translate>
        <group>
            <!-- Uranus -->
            <rotate time="10" axisX="0" axisY="1" axisZ="0" />
            <scale X="12" Y="12" Z="12"/>
            <models>
                <model texture="texture_uranus.png" file="planet.3d"
                       ambR="255" ambG="255" ambB="255"
                       diffR="255" diffG="255" diffB="255"
                       specR="255" specG="255" specB="255" />
            </models>
        </group>
        <group>
                <!-- Miranda -->
            <translate time = "80">
                <!-- Ponto de simetria -->
                <point X="0"    Z="-40" Y="0"  />

                <!-- Parte X negativo -->
                <point X="-40"  Z="-30" Y="0"  />
                <point X="-60"  Z="0"   Y="0"  />
                <point X="-40"  Z="30"  Y="0"  />

                <!-- Ponto de simetria -->
                <point X="0"    Z="40"  Y="0"  />

                <!-- Parte X positivo -->
                <point X="40"   Z="30"  Y="0"  />
                <point X="65"   Z="0"   Y="0"  />
                <point X="40"   Z="-30" Y="0"  />
            </translate>
            <rotate time="30" axisX="0" axisY="1" axisZ="0" />
            <scale X="1" Y="1" Z="1"/>
            <models>
                <model file="planet.3d"
                       ambR="255" ambG="255" ambB="255"
                       diffR="255" diffG="255" diffB="255"
                       specR="255" specG="255" specB="255" />
            </models>
        </group>
        <group>
            <!-- Ariel -->
            <translate time = "150">
                <!-- Ponto de simetria -->
                <point X="0"    Z="-40" Y="0"  />

                <!-- Parte X negativo -->
                <point X="-40"  Z="-30" Y="0"  />
                <point X="-60"  Z="0"   Y="0"  />
                <point X="-40"  Z="30"  Y="0"  />

                <!-- Ponto de simetria -->
                <point X="0"    Z="40"  Y="0"  />

                <!-- Parte X positivo -->
                <point X="40"   Z="30"  Y="0"  />
                <point X="65"   Z="0"   Y="0"  />
                <point X="40"   Z="-30" Y="0"  />
            </translate>
            <rotate time="24" axisX="0" axisY="1" axisZ="0" />
            <scale X="1" Y="1" Z="1"/>
            <models>
                <model file="planet.3d"
                       ambR="255" ambG="255" ambB="255"
                       diffR="255" diffG="255" diffB="255"
                       specR="255" specG="255" specB="255" />
            </models>
        </group>
        <group>
            <!-- Umbriel -->
            <translate time = "50">
                <!-- Ponto de simetria -->
                <point X="0"    Z="-40" Y="0"  />

                <!-- Parte X negativo -->
                <point X="-40"  Z="-30" Y="0"  />
                <point X="-60"  Z="0"   Y="0"  />
                <point X="-40"  Z="30"  Y="0"  />

                <!-- Ponto de simetria -->
                <point X="0"    Z="40"  Y="0"  />

                <!-- Parte X positivo -->
                <point X="40"   Z="30"  Y="0"  />
                <point X="65"   Z="0"   Y="0"  />
                <point X="40"   Z="-30" Y="0"  />
            </translate>
            <rotate time="19" axisX="0" axisY="1" axisZ="0" />
            <scale X="1" Y="1" Z="1"/>
            <models>
                <model file="planet.3d"
                       ambR="255" ambG="255" ambB="255"
                       diffR="255" diffG="255" diffB="255"
                       specR="255" specG="255" specB="255" />
            </models>
        </group>
        <group>
            <!-- Titania -->
            <translate time = "80">
                <!-- Ponto de simetria -->
                <point X="0"    Z="-40" Y="0"  />

                <!-- Parte X negativo -->
                <point X="-40"  Z="-30" Y="0"  />
                <point X="-60"  Z="0"   Y="0"  />
                <point X="-40"  Z="30"  Y="0"  />

                <!-- Ponto de simetria -->
                <point X="0"    Z="40"  Y="0"  />

                <!-- Parte X positivo -->
                <point X="40"   Z="30"  Y="0"  />
                <point X="65"   Z="0"   Y="0"  />
                <point X="40"   Z="-30" Y="0"  />
            </translate>
            <rotate time="11" axisX="0" axisY="1" axisZ="0" />
            <scale X="1" Y="1" Z="1"/>
            <models>
                <model file="planet.3d"
                       ambR="255" ambG="255" ambB="255"
                       diffR="255" diffG="255" diffB="255"
                       specR="255" specG="255" specB="255" />
            </models>
        </group>
        <group>
            <!-- Oberon -->
            <translate time = "90">
                <!-- Ponto de simetria -->
                <point X="0"    Z="-40" Y="0"  />

                <!-- Parte X negativo -->
                <point X="-40"  Z="-30" Y="0"  />
                <point X="-60"  Z="0"   Y="0"  />
                <point X="-40"  Z="30"  Y="0"  />

                <!-- Ponto de simetria -->
                <point X="0"    Z="40"  Y="0"  />

                <!-- Parte X positivo -->
                <point X="40"   Z="30"  Y="0"  />
                <point X="65"   Z="0"   Y="0"  />
                <point X="40"   Z="-30" Y="0"  />
            </translate>
            <rotate time="3" axisX="0" axisY="1" axisZ="0" />
            <scale X="1" Y="1" Z="1"/>
            <models>
                <model file="planet.3d"
                       ambR="255" ambG="255" ambB="255"
                       diffR="255" diffG="255" diffB="255"
                       specR="255" specG="255" specB="255" />
            </models>
        </group>
    </group>
    <group>
        <translate time = "381">
            <!-- Ponto de simetria -->
            <point X="0"    Z="-500" Y="0"  />

            <!-- Parte X negativo -->
            <point X="-1000"  Z="-334" Y="0"  />
            <point X="-1500"  Z="0"   Y="0"  />
            <point X="-1000"  Z="334"  Y="0"  />

            <!-- Ponto de simetria -->
            <point X="0"    Z="500"  Y="0"  />

            <!-- Parte X positivo -->
            <point X="1000"   Z="334"  Y="0"  />
            <point X="1500"   Z="0"   Y="0"  />
            <point X="1000"   Z="-334" Y="0"  />
        </translate>
        <group>
            <!-- Neptune -->
            <rotate time="10" axisX="0" axisY="1" axisZ="0" />
            <scale X="11.64" Y="11.64" Z="11.64"/>
            <models>
                <model texture="texture_neptune.png" file="planet.3d"
                       ambR="255" ambG="255" ambB="255"
                       diffR="255" diffG="255" diffB="255"
                       specR="255" specG="255" specB="255" />
            </models>
        </group>
        <group>
            <!-- Proteus -->
            <translate time = "90">
                <!-- Ponto de simetria -->
                <point X="0"    Z="-40" Y="0"  />

                <!-- Parte X negativo -->
                <point X="-40"  Z="-30" Y="0"  />
                <point X="-60"  Z="0"   Y="0"  />
                <point X="-40"  Z="30"  Y="0"  />

                <!-- Ponto de simetria -->
                <point X="0"    Z="40"  Y="0"  />

                <!-- Parte X positivo -->
                <point X="40"   Z="30"  Y="0"  />
                <point X="65"   Z="0"   Y="0"  />
                <point X="40"   Z="-30" Y="0"  />
            </translate>
            <rotate time="19" axisX="0" axisY="1" axisZ="0" />
            <scale X="1" Y="1" Z="1"/>
            <models>
                <model file="planet.3d"
                       ambR="255" ambG="255" ambB="255"
                       diffR="255" diffG="255" diffB="255"
                       specR="255" specG="255" specB="255" />
            </models>
        </group>
        <group>
            <!-- Triton -->
            <translate time = "50">
                <!-- Ponto de simetria -->
                <point X="0"    Z="-40" Y="0"  />

                <!-- Parte X negativo -->
                <point X="-40"  Z="-30" Y="0"  />
                <point X="-60"  Z="0"   Y="0"  />
                <point X="-40"  Z="30"  Y="0"  />

                <!-- Ponto de simetria -->
                <point X="0"    Z="40"  Y="0"  />

                <!-- Parte X positivo -->
                <point X="40"   Z="30"  Y="0"  />
                <point X="65"   Z="0"   Y="0"  />
                <point X="40"   Z="-30" Y="0"  />
            </translate>
            <rotate time="13" axisX="0" axisY="1" axisZ="0" />
            <scale X="1.3" Y="1.3" Z="1.3"/>
            <models>
                <model file="planet.3d"
                       ambR="255" ambG="255" ambB="255"
                       diffR="255" diffG="255" diffB="255"
                       specR="255" specG="255" specB="255" />
            </models>
        </group>
        <group>
            <!-- Nereid -->
            <translate time = "100">
                <!-- Ponto de simetria -->
                <point X="0"    Z="-40" Y="0"  />

                <!-- Parte X negativo -->
                <point X="-40"  Z="-30" Y="0"  />
                <point X="-60"  Z="0"   Y="0"  />
                <point X="-40"  Z="30"  Y="0"  />

                <!-- Ponto de simetria -->
                <point X="0"    Z="40"  Y="0"  />

                <!-- Parte X positivo -->
                <point X="40"   Z="30"  Y="0"  />
                <point X="65"   Z="0"   Y="0"  />
                <point X="40"   Z="-30" Y="0"  />
            </translate>
            <rotate time="12" axisX="0" axisY="1" axisZ="0" />
            <scale X="0.9" Y="0.9" Z="0.9"/>
            <models>
                <model file="planet.3d"
                       ambR="255" ambG="255" ambB="255"
                       diffR="255" diffG="255" diffB="255"
                       specR="255" specG="255" specB="255" />
            </models>
        </group>
    </group>
    <group>
        <translate time = "448">
            <!-- Ponto de simetria -->
            <point X="0"    Z="-550" Y="0"  />

            <!-- Parte X negativo -->
            <point X="-1100"  Z="-366" Y="0"  />
            <point X="-1650"  Z="0"   Y="0"  />
            <point X="-1100"  Z="366"  Y="0"  />

            <!-- Ponto de simetria -->
            <point X="0"    Z="550"  Y="0"  />

            <!-- Parte X positivo -->
            <point X="1100"   Z="366"  Y="0"  />
            <point X="1650"   Z="0"   Y="0"  />
            <point X="1100"   Z="-366" Y="0"  />
        </translate>
        <group>
            <!-- Pluto -->
            <rotate time="11" axisX="0" axisY="1" axisZ="0" />
            <scale X="2" Y="2" Z="2"/>
            <models>
                <model texture="texture_pluto.jpg" file="planet.3d"
                       ambR="255" ambG="255" ambB="255"
                       diffR="255" diffG="255" diffB="255"
                       specR="255" specG="255" specB="255" />
            </models>
        </group>
        <group>
            <!-- Charon -->
           <translate time = "90">
                <!-- Ponto de simetria -->
                <point X="0"    Z="-20" Y="0"  />

                <!-- Parte X negativo -->
                <point X="-20"  Z="-15" Y="0"  />
                <point X="-30"  Z="0"   Y="0"  />
                <point X="-20"  Z="15"  Y="0"  />

                <!-- Ponto de simetria -->
                <point X="0"    Z="20"  Y="0"  />

                <!-- Parte X positivo -->
                <point X="20"   Z="15"  Y="0"  />
                <point X="30"   Z="0"   Y="0"  />
                <point X="20"   Z="-15" Y="0"  />
            </translate>
            <rotate time="10" axisX="0" axisY="1" axisZ="0" />
            <scale X="1" Y="1" Z="1"/>
            <models>
                <model file="planet.3d"
                       ambR="255" ambG="255" ambB="255"
                       diffR="255" diffG="255" diffB="255"
                       specR="255" specG="255" specB="255" />
            </models>
        </group>
    </group>
    <group>
        <!-- Queremos esta rotação aplicada ANTES da translação e da curva de catmull-rom, visto que queremos rodar
            a órbita completa por 65º -->
        <rotate angle="65" axisX="1" axisY="0" axisZ="0" />
        <translate time="150">
            <!-- Ponto de simetria -->
            <point X="-200"    Z="-200" Y="0"  />

            <!-- Parte X negativo -->
            <point X="-134"  Z="-600" Y="0"  />
            <point X="0"  Z="-800"   Y="0"  />
            <point X="134"  Z="-600"  Y="0"  />

            <!-- Ponto de simetria -->
            <point X="200"    Z="-200"  Y="0"  />

            <!-- Parte X positivo -->
            <point X="134"   Z="200"  Y="0"  />
            <point X="0"   Z="400"   Y="0"  />
            <point X="-134"   Z="200" Y="0"  />
        </translate>
        <group>
            <!-- Cometa -->
            <scale X="5" Y="5" Z="5"/>
            <models>
                <!-- texture="texture_comet.jpg" -->
                <model file="teapot.3d"
                       ambR="255" ambG="255" ambB="255"
                       diffR="255" diffG="255" diffB="255"
                       specR="255" specG="255" specB="255" />
            </models>
        </group>
    </group>
</scene>
