<scene>
    <lights>
        <light type="point"
               posX="0" posY="0" posZ="0"
               dirX="0" dirY="-1" dirZ="0"
               cutoffAngle="45" cutoffExponent="0"
               attenuationLinear="0"
               ambR="51" ambG="51" ambB="51"
               diffR="204" diffG="204" diffB="204"
               specR="204" specG="204" specB="204" />
    </lights>
    <group>
        <!-- Sun -->
        <translate X="0" Y="0" Z="0"/>
        <scale X="109" Y="109" Z="109"/>
        <models>
            <model file="sun.3d" texture="texture_sun.png"
                   ambR="255" ambG="255" ambB="255"
                   diffR="255" diffG="255" diffB="255"
                   specR="255" specG="255" specB="255"
                   emissR="255" emissG="255" emissB="255" />
        </models>
    </group>
    <group>
        <!-- Mercury -->
        <translate time = "24">
            <!-- Ponto de simetria -->
            <point X="0"    Z="-150" Y="0"  />

            <!-- Parte X negativo -->
            <point X="-300"  Z="-100" Y="0"  />
            <point X="-450"  Z="0"   Y="0"  />
            <point X="-300"  Z="100"  Y="0"  />

            <!-- Ponto de simetria -->
            <point X="0"    Z="150"  Y="0"  />

            <!-- Parte X positivo -->
            <point X="300"   Z="100"  Y="0"  />
            <point X="450"   Z="0"   Y="0"  />
            <point X="300"   Z="-100" Y="0"  />
        </translate>
        <rotate time="10" axisX="0" axisY="1" axisZ="0" />
        <scale X="1.146" Y="1.146" Z="1.146"/>
        <models>
            <model texture="texture_mercury.png" file="planet.3d"
                   ambR="255" ambG="255" ambB="255"
                   diffR="255" diffG="255" diffB="255"
                   specR="255" specG="255" specB="255" />
        </models>
    </group>
    <group>
        <!-- Venus -->
         <translate time = "62">
            <!-- Ponto de simetria -->
            <point X="0"    Z="-200" Y="0"  />

            <!-- Parte X negativo -->
            <point X="-400"  Z="-134" Y="0"  />
            <point X="-600"  Z="0"   Y="0"  />
            <point X="-400"  Z="134"  Y="0"  />

            <!-- Ponto de simetria -->
            <point X="0"    Z="200"  Y="0"  />

            <!-- Parte X positivo -->
            <point X="400"   Z="134"  Y="0"  />
            <point X="600"   Z="0"   Y="0"  />
            <point X="400"   Z="-134" Y="0"  />
        </translate>
        <rotate time="10" axisX="0" axisY="1" axisZ="0" />
        <scale X="2.847" Y="2.847" Z="2.847"/>
        <models>
            <model texture="texture_venus.png" file="planet.3d"
                   ambR="255" ambG="255" ambB="255"
                   diffR="255" diffG="255" diffB="255"
                   specR="255" specG="255" specB="255" />
        </models>
    </group>
    <group>
        <translate time = "100">
            <!-- Ponto de simetria -->
            <point X="0"    Z="-250" Y="0"  />

            <!-- Parte X negativo -->
            <point X="-500"  Z="-167" Y="0"  />
            <point X="-750"  Z="0"   Y="0"  />
            <point X="-500"  Z="167"  Y="0"  />

            <!-- Ponto de simetria -->
            <point X="0"    Z="250"  Y="0"  />

            <!-- Parte X positivo -->
            <point X="500"   Z="167"  Y="0"  />
            <point X="750"   Z="0"   Y="0"  />
            <point X="500"   Z="-167" Y="0"  />
        </translate>
        <group>
            <rotate time="10" axisX="0" axisY="1" axisZ="0" />
            <!-- Earth -->
            <scale X="3" Y="3" Z="3"/>
            <models>
                <model texture="texture_earth.jpg" file="planet.3d"
                       ambR="255" ambG="255" ambB="255"
                       diffR="255" diffG="255" diffB="255"
                       specR="255" specG="255" specB="255" />
            </models>
        </group>
        <group>
            <!-- Moon -->
            <translate X="5" Y="0" Z="0"/>
            <rotate time="28" axisX="0" axisY="1" axisZ="0" />
            <scale X="0.816" Y="0.816" Z="0.816"/>
            <models>
                <model texture="texture_moon.png" file="planet.3d"
                       ambR="255" ambG="255" ambB="255"
                       diffR="255" diffG="255" diffB="255"
                       specR="255" specG="255" specB="255" />
            </models>
        </group>
    </group>
    <group>
        <translate time = "188">
            <!-- Ponto de simetria -->
            <point X="0"    Z="-300" Y="0"  />

            <!-- Parte X negativo -->
            <point X="-600"  Z="-200" Y="0"  />
            <point X="-900"  Z="0"   Y="0"  />
            <point X="-600"  Z="200"  Y="0"  />

            <!-- Ponto de simetria -->
            <point X="0"    Z="300"  Y="0"  />

            <!-- Parte X positivo -->
            <point X="600"   Z="200"  Y="0"  />
            <point X="900"   Z="0"   Y="0"  />
            <point X="600"   Z="-200" Y="0"  />
        </translate>
        <group>
            <!-- Mars -->
            <rotate time="10" axisX="0" axisY="1" axisZ="0" />
            <scale X="2" Y="2" Z="2"/>
            <models>
                <model texture="texture_mars.png" file="planet.3d"
                       ambR="255" ambG="255" ambB="255"
                       diffR="255" diffG="255" diffB="255"
                       specR="255" specG="255" specB="255" />
            </models>
        </group>
        <group>
            <!-- Phobos -->
            <translate X="5" Y="0" Z="0"/>
            <rotate time="20" axisX="0" axisY="1" axisZ="0" />
            <scale X="0.00176" Y="0.00176" Z="0.00176"/>
            <models>
                <model file="planet.3d"
                       ambR="255" ambG="255" ambB="255"
                       diffR="255" diffG="255" diffB="255"
                       specR="255" specG="255" specB="255" />
            </models>
        </group>
        <group>
            <!-- Deimos -->
            <translate X="-5" Y="0" Z="0"/>
            <scale X="0.000973" Y="0.000973" Z="0.000973"/>
            <models>
                <model file="planet.3d"
                       ambR="255" ambG="255" ambB="255"
                       diffR="255" diffG="255" diffB="255"
                       specR="255" specG="255" specB="255" />
            </models>
        </group>
    </group> <group>
        <translate time = "118">
            <!-- Ponto de simetria -->
            <point X="0"    Z="-350" Y="0"  />

            <!-- Parte X negativo -->
            <point X="-700"  Z="-234" Y="0"  />
            <point X="-1050"  Z="0"   Y="0"  />
            <point X="-700"  Z="234"  Y="0"  />

            <!-- Ponto de simetria -->
            <point X="0"    Z="350"  Y="0"  />

            <!-- Parte X positivo -->
            <point X="700"   Z="234"  Y="0"  />
            <point X="1050"   Z="0"   Y="0"  />
            <point X="700"   Z="-234" Y="0"  />
        </translate>
        <group>
            <!-- Jupiter -->
            <rotate time="30" axisX="0" axisY="1" axisZ="0" />
            <scale X="33" Y="33" Z="33"/>
            <models>
                <model texture="texture_jupiter.png" file="planet.3d"
                       ambR="255" ambG="255" ambB="255"
                       diffR="255" diffG="255" diffB="255"
                       specR="255" specG="255" specB="255" />
            </models>
        </group>
        <group>
            <!-- Io -->
            <translate X="16" Y="0" Z="0"/>
            <rotate time="10" axisX="0" axisY="1" axisZ="0" />
            <scale X="0.285" Y="0.285" Z="0.285"/>
            <models>
                <model file="planet.3d"
                       ambR="255" ambG="255" ambB="255"
                       diffR="255" diffG="255" diffB="255"
                       specR="255" specG="255" specB="255" />
            </models>
        </group>
        <group>
            <!-- Europa -->
            <translate X="-16" Y="0" Z="0"/>
            <rotate time="5" axisX="0" axisY="1" axisZ="0" />
            <scale X="0.244" Y="0.244" Z="0.244"/>
            <models>
                <model file="planet.3d"
                       ambR="255" ambG="255" ambB="255"
                       diffR="255" diffG="255" diffB="255"
                       specR="255" specG="255" specB="255" />
            </models>
        </group>
        <group>
            <!-- Ganymede -->
            <translate X="0" Y="0" Z="16"/>
            <rotate time="15" axisX="0" axisY="1" axisZ="0" />
            <scale X="0.413" Y="0.413" Z="0.413"/>
            <models>
                <model file="planet.3d"
                       ambR="255" ambG="255" ambB="255"
                       diffR="255" diffG="255" diffB="255"
                       specR="255" specG="255" specB="255" />
            </models>
        </group>
        <group>
            <!-- Callisto -->
            <translate X="0" Y="0" Z="-16"/>
            <rotate time="12" axisX="0" axisY="1" axisZ="0" />
            <scale X="0.378" Y="0.378" Z="0.378"/>
            <models>
                <model file="planet.3d"
                       ambR="255" ambG="255" ambB="255"
                       diffR="255" diffG="255" diffB="255"
                       specR="255" specG="255" specB="255" />
            </models>
        </group>
    </group>
    <group>
        <translate time = "294">
            <!-- Ponto de simetria -->
            <point X="0"    Z="-400" Y="0"  />

            <!-- Parte X negativo -->
            <point X="-800"  Z="-266" Y="0"  />
            <point X="-1200"  Z="0"   Y="0"  />
            <point X="-800"  Z="266"  Y="0"  />

            <!-- Ponto de simetria -->
            <point X="0"    Z="400"  Y="0"  />

            <!-- Parte X positivo -->
            <point X="800"   Z="266"  Y="0"  />
            <point X="1250"   Z="0"   Y="0"  />
            <point X="800"   Z="-266" Y="0"  />
        </translate>
        <group>
            <!-- Saturn -->
            <rotate time="10" axisX="0" axisY="1" axisZ="0" />
            <scale X="27" Y="27" Z="27"/>
            <models>
                <!-- texture="texture_saturn.png" -->
                <model  file="planet.3d"
                       ambR="255" ambG="255" ambB="255"
                       diffR="255" diffG="255" diffB="255"
                       specR="255" specG="255" specB="255" />
            </models>
        </group>
        <group>
            <!-- Mimas -->
            <translate X="14" Y="0" Z="0"/>
            <rotate time="15" axisX="0" axisY="1" axisZ="0" />
            <scale X="0.0311" Y="0.0311" Z="0.0311"/>
            <models>
                <model file="planet.3d"
                       ambR="255" ambG="255" ambB="255"
                       diffR="255" diffG="255" diffB="255"
                       specR="255" specG="255" specB="255" />
            </models>
        </group>
        <group>
            <!-- Enceladus -->
            <translate X="10.72" Y="0" Z="8.99"/>
            <rotate time="20" axisX="0" axisY="1" axisZ="0" />
            <scale X="0.0395" Y="0.0395" Z="0.0395"/>
            <models>
                <model file="planet.3d"
                       ambR="255" ambG="255" ambB="255"
                       diffR="255" diffG="255" diffB="255"
                       specR="255" specG="255" specB="255" />
            </models>
        </group>
        <group>
            <!-- Tethys -->
            <translate X="2.43" Y="0" Z="13.78"/>
            <rotate time="25" axisX="0" axisY="1" axisZ="0" />
            <scale X="0.0833" Y="0.0833" Z="0.0833"/>
            <models>
                <model file="planet.3d"
                       ambR="255" ambG="255" ambB="255"
                       diffR="255" diffG="255" diffB="255"
                       specR="255" specG="255" specB="255" />
            </models>
        </group>
        <group>
            <!-- Dione -->
            <translate X="-7" Y="0" Z="12.12"/>
            <rotate time="5" axisX="0" axisY="1" axisZ="0" />
            <scale X="0.0881" Y="0.0881" Z="0.0881"/>
            <models>
                <model file="planet.3d"
                       ambR="255" ambG="255" ambB="255"
                       diffR="255" diffG="255" diffB="255"
                       specR="255" specG="255" specB="255" />
            </models>
        </group>
        <group>
            <!-- Rhea -->
            <translate X="-13.15" Y="0" Z="4.78"/>
            <rotate time="30" axisX="0" axisY="1" axisZ="0" />
            <scale X="0.119" Y="0.119" Z="0.119"/>
            <models>
                <model file="planet.3d"
                       ambR="255" ambG="255" ambB="255"
                       diffR="255" diffG="255" diffB="255"
                       specR="255" specG="255" specB="255" />
            </models>
        </group>
        <group>
            <!-- Titan -->
            <translate X="-13.15" Y="0" Z="-4.78"/>
            <rotate time="18" axisX="0" axisY="1" axisZ="0" />
            <scale X="0.404" Y="0.404" Z="0.404"/>
            <models>
                <model file="planet.3d"
                       ambR="255" ambG="255" ambB="255"
                       diffR="255" diffG="255" diffB="255"
                       specR="255" specG="255" specB="255" />
            </models>
        </group>
        <group>
            <!-- Hyperion -->
            <translate X="-7" Y="0" Z="-12.12"/>
            <rotate time="8" axisX="0" axisY="1" axisZ="0" />
            <scale X="0.0211" Y="0.0211" Z="0.0211"/>
            <models>
                <model file="planet.3d"
                       ambR="255" ambG="255" ambB="255"
                       diffR="255" diffG="255" diffB="255"
                       specR="255" specG="255" specB="255" />
            </models>
        </group>
        <group>
            <!-- Iapetus -->
            <translate X="2.43" Y="0" Z="-13.78"/>
            <rotate time="28" axisX="0" axisY="1" axisZ="0" />
            <scale X="0.115" Y="0.115" Z="0.115"/>
            <models>
                <model file="planet.3d"
                       ambR="255" ambG="255" ambB="255"
                       diffR="255" diffG="255" diffB="255"
                       specR="255" specG="255" specB="255" />
            </models>
        </group>
        <group>
            <!-- Phoebe -->
            <translate X="10.72" Y="0" Z="-8.99"/>
            <rotate time="35" axisX="0" axisY="1" axisZ="0" />
            <scale X="0.0167" Y="0.0167" Z="0.0167"/>
            <models>
                <model file="planet.3d"
                       ambR="255" ambG="255" ambB="255"
                       diffR="255" diffG="255" diffB="255"
                       specR="255" specG="255" specB="255" />
            </models>
        </group>
    </group>
    <group>
        <translate time = "840">
            <!-- Ponto de simetria -->
            <point X="0"    Z="-450" Y="0"  />

            <!-- Parte X negativo -->
            <point X="-900"  Z="-300" Y="0"  />
            <point X="-1350"  Z="0"   Y="0"  />
            <point X="-900"  Z="300"  Y="0"  />

            <!-- Ponto de simetria -->
            <point X="0"    Z="450"  Y="0"  />

            <!-- Parte X positivo -->
            <point X="900"   Z="300"  Y="0"  />
            <point X="1350"   Z="0"   Y="0"  />
            <point X="900"   Z="-300" Y="0"  />
        </translate>
        <group>
            <!-- Uranus -->
            <rotate time="10" axisX="0" axisY="1" axisZ="0" />
            <scale X="12" Y="12" Z="12"/>
            <models>
                <model texture="texture_uranus.png" file="planet.3d"
                       ambR="255" ambG="255" ambB="255"
                       diffR="255" diffG="255" diffB="255"
                       specR="255" specG="255" specB="255" />
            </models>
        </group>
        <group>
            <!-- Miranda -->
            <translate X="9" Y="0" Z="0"/>
            <rotate time="30" axisX="0" axisY="1" axisZ="0" />
            <scale X="0.0370" Y="0.0370" Z="0.0370"/>
            <models>
                <model file="planet.3d"
                       ambR="255" ambG="255" ambB="255"
                       diffR="255" diffG="255" diffB="255"
                       specR="255" specG="255" specB="255" />
            </models>
        </group>
        <group>
            <!-- Ariel -->
            <translate X="2.78" Y="0" Z="8.55"/>
            <rotate time="24" axisX="0" axisY="1" axisZ="0" />
            <scale X="0.0908" Y="0.0908" Z="0.0908"/>
            <models>
                <model file="planet.3d"
                       ambR="255" ambG="255" ambB="255"
                       diffR="255" diffG="255" diffB="255"
                       specR="255" specG="255" specB="255" />
            </models>
        </group>
        <group>
            <!-- Umbriel -->
            <translate X="-7.28" Y="0" Z="5.29"/>
            <rotate time="19" axisX="0" axisY="1" axisZ="0" />
            <scale X="0.0917" Y="0.0917" Z="0.0917"/>
            <models>
                <model file="planet.3d"
                       ambR="255" ambG="255" ambB="255"
                       diffR="255" diffG="255" diffB="255"
                       specR="255" specG="255" specB="255" />
            </models>
        </group>
        <group>
            <!-- Titania -->
            <translate X="-7.28" Y="0" Z="-5.29"/>
            <rotate time="11" axisX="0" axisY="1" axisZ="0" />
            <scale X="0.123" Y="0.123" Z="0.123"/>
            <models>
                <model file="planet.3d"
                       ambR="255" ambG="255" ambB="255"
                       diffR="255" diffG="255" diffB="255"
                       specR="255" specG="255" specB="255" />
            </models>
        </group>
        <group>
            <!-- Oberon -->
            <translate X="2.78" Y="0" Z="-8.55"/>
            <rotate time="3" axisX="0" axisY="1" axisZ="0" />
            <scale X="0.119" Y="0.119" Z="0.119"/>
            <models>
                <model file="planet.3d"
                       ambR="255" ambG="255" ambB="255"
                       diffR="255" diffG="255" diffB="255"
                       specR="255" specG="255" specB="255" />
            </models>
        </group>
    </group>
    <group>
        <translate time = "381">
            <!-- Ponto de simetria -->
            <point X="0"    Z="-500" Y="0"  />

            <!-- Parte X negativo -->
            <point X="-1000"  Z="-334" Y="0"  />
            <point X="-1500"  Z="0"   Y="0"  />
            <point X="-1000"  Z="334"  Y="0"  />

            <!-- Ponto de simetria -->
            <point X="0"    Z="500"  Y="0"  />

            <!-- Parte X positivo -->
            <point X="1000"   Z="334"  Y="0"  />
            <point X="1500"   Z="0"   Y="0"  />
            <point X="1000"   Z="-334" Y="0"  />
        </translate>
        <group>
            <!-- Neptune -->
            <rotate time="10" axisX="0" axisY="1" axisZ="0" />
            <scale X="11.64" Y="11.64" Z="11.64"/>
            <models>
                <model texture="texture_neptune.png" file="planet.3d"
                       ambR="255" ambG="255" ambB="255"
                       diffR="255" diffG="255" diffB="255"
                       specR="255" specG="255" specB="255" />
            </models>
        </group>
        <group>
            <!-- Proteus -->
            <translate X="9" Y="0" Z="0"/>
            <rotate time="19" axisX="0" axisY="1" axisZ="0" />
            <scale X="0.0329" Y="0.0329" Z="0.0329"/>
            <models>
                <model file="planet.3d"
                       ambR="255" ambG="255" ambB="255"
                       diffR="255" diffG="255" diffB="255"
                       specR="255" specG="255" specB="255" />
            </models>
        </group>
        <group>
            <!-- Triton -->
            <translate X="-4.5" Y="0" Z="7.79"/>
            <rotate time="13" axisX="0" axisY="1" axisZ="0" />
            <scale X="0.212" Y="0.212" Z="0.212"/>
            <models>
                <model file="planet.3d"
                       ambR="255" ambG="255" ambB="255"
                       diffR="255" diffG="255" diffB="255"
                       specR="255" specG="255" specB="255" />
            </models>
        </group>
        <group>
            <!-- Nereid -->
            <translate X="-4.5" Y="0" Z="-7.79"/>
            <rotate time="12" axisX="0" axisY="1" axisZ="0" />
            <scale X="0.0266" Y="0.0266" Z="0.0266"/>
            <models>
                <model file="planet.3d"
                       ambR="255" ambG="255" ambB="255"
                       diffR="255" diffG="255" diffB="255"
                       specR="255" specG="255" specB="255" />
            </models>
        </group>
    </group>
    <group>
        <translate time = "448">
            <!-- Ponto de simetria -->
            <point X="0"    Z="-550" Y="0"  />

            <!-- Parte X negativo -->
            <point X="-1100"  Z="-366" Y="0"  />
            <point X="-1650"  Z="0"   Y="0"  />
            <point X="-1100"  Z="366"  Y="0"  />

            <!-- Ponto de simetria -->
            <point X="0"    Z="550"  Y="0"  />

            <!-- Parte X positivo -->
            <point X="1100"   Z="366"  Y="0"  />
            <point X="1650"   Z="0"   Y="0"  />
            <point X="1100"   Z="-366" Y="0"  />
        </translate>
        <group>
            <!-- Pluto -->
            <rotate time="11" axisX="0" axisY="1" axisZ="0" />
            <scale X="0.54" Y="0.54" Z="0.54"/>
            <models>
                <model texture="texture_pluto.jpg" file="planet.3d"
                       ambR="255" ambG="255" ambB="255"
                       diffR="255" diffG="255" diffB="255"
                       specR="255" specG="255" specB="255" />
            </models>
        </group>
        <group>
            <!-- Charon -->
            <translate X="5" Y="0" Z="0"/>
            <rotate time="10" axisX="0" axisY="1" axisZ="0" />
            <scale X="0.0951" Y="0.0951" Z="0.0951"/>
            <models>
                <model file="planet.3d"
                       ambR="255" ambG="255" ambB="255"
                       diffR="255" diffG="255" diffB="255"
                       specR="255" specG="255" specB="255" />
            </models>
        </group>
    </group>
    <group>
        <!-- Queremos esta rotação aplicada ANTES da translação e da curva de catmull-rom, visto que queremos rodar
            a órbita completa por 65º -->
        <rotate angle="65" axisX="1" axisY="0" axisZ="0" />
        <translate time="150">
            <!-- Ponto de simetria -->
            <point X="-200"    Z="-200" Y="0"  />

            <!-- Parte X negativo -->
            <point X="-134"  Z="-600" Y="0"  />
            <point X="0"  Z="-800"   Y="0"  />
            <point X="134"  Z="-600"  Y="0"  />

            <!-- Ponto de simetria -->
            <point X="200"    Z="-200"  Y="0"  />

            <!-- Parte X positivo -->
            <point X="134"   Z="200"  Y="0"  />
            <point X="0"   Z="400"   Y="0"  />
            <point X="-134"   Z="200" Y="0"  />
        </translate>
        <group>
            <!-- Cometa -->
            <scale X="5" Y="5" Z="5"/>
            <models>
                <!-- texture="texture_comet.jpg" -->
                <model file="teapot.3d"
                       ambR="255" ambG="255" ambB="255"
                       diffR="255" diffG="255" diffB="255"
                       specR="255" specG="255" specB="255" />
            </models>
        </group>
    </group>
</scene>
